10.1039/C6AN02144A;2017;rsc_201701-09;387;MPI Science of Light
10.1039/C6BM00951D;2017;rsc_201701-09;355;MPI Polymer Research
10.1039/C6CE02209J;2017;rsc_201701-09;335;MPI Dynamics of Complex Technical Systems
10.1039/C6CP07284D;2017;rsc_201701-09;355;MPI Polymer Research
10.1039/C6CP07955E;2017;rsc_201701-09;339;Fritz Haber Institute
10.1039/C6CP08134G;2017;rsc_201701-09;338;MPI Solid State Research
10.1039/C6CP08504K;2017;rsc_201701-09;339;Fritz Haber Institute
10.1039/C6CP08539C;2017;rsc_201701-09;399;MPI Structure & Dynamics of Matter
10.1039/C6CP08908A;2017;rsc_201701-09;337;MPI Iron Research
10.1039/C6DT04527H;2017;rsc_201701-09;394;MPI Chemical Energy Conversion
10.1039/C6IB00251J;2017;rsc_201701-09;355;MPI Polymer Research
10.1039/C6MH00592F;2017;rsc_201701-09;344;MPI Colloids Interface
10.1039/C6NP00122J;2017;rsc_201701-09;322;MPI Chemical Ecology
10.1039/C6NR07022A;2017;rsc_201701-09;355;MPI Polymer Research
10.1039/C6PY02212J;2017;rsc_201701-09;344;MPI Colloids Interface
10.1039/C6QM00378H;2017;rsc_201701-09;338;MPI Solid State Research
10.1039/C6SM01636G;2017;rsc_201701-09;360;MPI Intelligent Systems
10.1039/C6SM02413K;2017;rsc_201701-09;337;MPI Iron Research
10.1039/C6SM02600A;2017;rsc_201701-09;336;MPI Dynamics & Self-Organization
10.1039/C6SM02685K;2017;rsc_201701-09;360;MPI Intelligent Systems
10.1039/C6SM02796B;2017;rsc_201701-09;344;MPI Colloids Interface
10.1039/C6SM02860H;2017;rsc_201701-09;336;MPI Dynamics & Self-Organization
10.1039/C6TA10768K;2017;rsc_201701-09;355;MPI Polymer Research
10.1039/C6TA10928D;2017;rsc_201701-09;343;MPI Coal Research
10.1039/C6TC04365H;2017;rsc_201701-09;355;MPI Polymer Research
10.1039/C6TC04626F;2017;rsc_201701-09;338;MPI Solid State Research
10.1039/C6TC05065D;2017;rsc_201701-09;355;MPI Polymer Research
10.1039/C7CC00368D;2017;rsc_201701-09;343;MPI Coal Research
10.1039/C7CC00520B;2017;rsc_201701-09;344;MPI Colloids Interface
10.1039/C7CC02354E;2017;rsc_201701-09;339;Fritz Haber Institute
10.1039/C7CC03639F;2017;rsc_201701-09;344;MPI Colloids Interface
10.1039/C7CC03709K;2017;rsc_201701-09;355;MPI Polymer Research
10.1039/C7CC04380E;2017;rsc_201701-09;344;MPI Colloids Interface
10.1039/C7CC05377K;2017;rsc_201701-09;343;MPI Coal Research
10.1039/C7CC05770A;2017;rsc_201701-09;344;MPI Colloids Interface
10.1039/C7CE00433H;2017;rsc_201701-09;344;MPI Colloids Interface
10.1039/C7CP00431A;2017;rsc_201701-09;344;MPI Colloids Interface
10.1039/C7CP00476A;2017;rsc_201701-09;338;MPI Solid State Research
10.1039/C7CP00790F;2017;rsc_201701-09;355;MPI Polymer Research
10.1039/C7CP00836H;2017;rsc_201701-09;394;MPI Chemical Energy Conversion
10.1039/C7CP01506B;2017;rsc_201701-09;399;MPI Structure & Dynamics of Matter
10.1039/C7CP01643C;2017;rsc_201701-09;339;Fritz Haber Institute
10.1039/C7CP01688C;2017;rsc_201701-09;337;MPI Iron Research
10.1039/C7CP01838J;2017;rsc_201701-09;355;MPI Polymer Research
10.1039/C7CP02251D;2017;rsc_201701-09;355;MPI Polymer Research
10.1039/C7CP02557B;2017;rsc_201701-09;344;MPI Colloids Interface
10.1039/C7CP02618H;2017;rsc_201701-09;344;MPI Colloids Interface
10.1039/C7CP02865B;2017;rsc_201701-09;343;MPI Coal Research
10.1039/C7CP02947K;2017;rsc_201701-09;352;MPI Physics Systems
10.1039/C7CP02967E;2017;rsc_201701-09;399;MPI Structure & Dynamics of Matter
10.1039/C7CP03081A;2017;rsc_201701-09;337;MPI Iron Research
10.1039/C7CP03107F;2017;rsc_201701-09;344;MPI Colloids Interface
10.1039/C7CP03922K;2017;rsc_201701-09;303;MPI Biophysical Chemistry
10.1039/C7CP03942E;2017;rsc_201701-09;394;MPI Chemical Energy Conversion
10.1039/C7CP04116K;2017;rsc_201701-09;338;MPI Solid State Research
10.1039/C7CP04296E;2017;rsc_201701-09;394;MPI Chemical Energy Conversion
10.1039/C7CP04852A;2017;rsc_201701-09;355;MPI Polymer Research
10.1039/C7CP05572B;2017;rsc_201701-09;394;MPI Chemical Energy Conversion
10.1039/C7CS00156H;2017;rsc_201701-09;344;MPI Colloids Interface
10.1039/C7CY00291B;2017;rsc_201701-09;337;MPI Iron Research
10.1039/C7DT00128B;2017;rsc_201701-09;394;MPI Chemical Energy Conversion
10.1039/C7DT01994G;2017;rsc_201701-09;335;MPI Dynamics of Complex Technical Systems
10.1039/C7DT02501G;2017;rsc_201701-09;351;MPI Chemical Physics of Solids
10.1039/C7DT02978K;2017;rsc_201701-09;338;MPI Solid State Research
10.1039/C7FD00005G;2017;rsc_201701-09;333;MPI Chemistry
10.1039/C7FD00023E;2017;rsc_201701-09;333;MPI Chemistry
10.1039/C7FD00051K;2017;rsc_201701-09;338;MPI Solid State Research
10.1039/C7FD00164A;2017;rsc_201701-09;355;MPI Polymer Research
10.1039/C7FD00171A;2017;rsc_201701-09;355;MPI Polymer Research
10.1039/C7GC00425G;2017;rsc_201701-09;394;MPI Chemical Energy Conversion
10.1039/C7GC00975E;2017;rsc_201701-09;344;MPI Colloids Interface
10.1039/C7GC01055A;2017;rsc_201701-09;344;MPI Colloids Interface
10.1039/C7LC00064B;2017;rsc_201701-09;360;MPI Intelligent Systems
10.1039/C7LC00178A;2017;rsc_201701-09;360;MPI Intelligent Systems
10.1039/C7MH00193B;2017;rsc_201701-09;344;MPI Colloids Interface
10.1039/C7NH00062F;2017;rsc_201701-09;355;MPI Polymer Research
10.1039/C7NH00111H;2017;rsc_201701-09;337;MPI Iron Research
10.1039/C7NJ01396E;2017;rsc_201701-09;335;MPI Dynamics of Complex Technical Systems
10.1039/C7NP00002B;2017;rsc_201701-09;322;MPI Chemical Ecology
10.1039/C7NR00367F;2017;rsc_201701-09;338;MPI Solid State Research
10.1039/C7NR02231J;2017;rsc_201701-09;339;Fritz Haber Institute
10.1039/C7NR02977B;2017;rsc_201701-09;355;MPI Polymer Research
10.1039/C7NR04527A;2017;rsc_201701-09;360;MPI Intelligent Systems
10.1039/C7NR05301K;2017;rsc_201701-09;352;MPI Physics Systems
10.1039/C7OB00249A;2017;rsc_201701-09;322;MPI Chemical Ecology
10.1039/C7PY00436B;2017;rsc_201701-09;355;MPI Polymer Research
10.1039/C7PY00813A;2017;rsc_201701-09;355;MPI Polymer Research
10.1039/C7PY01214D;2017;rsc_201701-09;344;MPI Colloids Interface
10.1039/C7SM00437K;2017;rsc_201701-09;355;MPI Polymer Research
10.1039/C7SM00829E;2017;rsc_201701-09;386;MPI Biochemistry
10.1039/C7SM01066D;2017;rsc_201701-09;344;MPI Colloids Interface
10.1039/C7TA01614J;2017;rsc_201701-09;343;MPI Coal Research
10.1039/C7TA01714F;2017;rsc_201701-09;344;MPI Colloids Interface
10.1039/C7TA01982C;2017;rsc_201701-09;339;Fritz Haber Institute
10.1039/C7TA02052J;2017;rsc_201701-09;344;MPI Colloids Interface
10.1039/C7TA02923C;2017;rsc_201701-09;344;MPI Colloids Interface
10.1039/C7TA03777E;2017;rsc_201701-09;344;MPI Colloids Interface
10.1039/C7TA04050D;2017;rsc_201701-09;344;MPI Colloids Interface
10.1039/C7TA05822E;2017;rsc_201701-09;355;MPI Polymer Research
10.1039/C7TB00618G;2017;rsc_201701-09;344;MPI Colloids Interface
10.1039/C7TC01241A;2017;rsc_201701-09;351;MPI Chemical Physics of Solids
10.1039/C7TC01495C;2017;rsc_201701-09;355;MPI Polymer Research
10.1039/C7TC03357E;2017;rsc_201701-09;355;MPI Polymer Research
10.1039/C7CC04440B;2017;rsc_201710;339;Fritz Haber Institute
10.1039/C7CC05669A;2017;rsc_201710;394;MPI Chemical Energy Conversion
10.1039/C7CE01229B;2017;rsc_201710;318;MPI Terrestrial Microbiology
10.1039/C7CE01406F;2017;rsc_201710;355;MPI Polymer Research
10.1039/C7CP05445A;2017;rsc_201710;355;MPI Polymer Research
10.1039/C7CP05897G;2017;rsc_201710;355;MPI Polymer Research
10.1039/C7CY01451A;2017;rsc_201710;343;MPI Coal Research
10.1039/C7DT03288A;2017;rsc_201710;338;MPI Solid State Research
10.1039/C7EE02110K;2017;rsc_201710;344;MPI Colloids Interface
10.1039/C7FD90032E;2017;rsc_201710;333;MPI Chemistry
10.1039/C7GC01776F;2017;rsc_201710;343;MPI Coal Research
10.1039/C7LC00929A;2017;rsc_201710;303;MPI Biophysical Chemistry
10.1039/C7MH00676D;2017;rsc_201710;355;MPI Polymer Research
10.1039/C7PY01607G;2017;rsc_201710;344;MPI Colloids Interface
10.1039/C7SM00956A;2017;rsc_201710;336;MPI Dynamics & Self-Organization
10.1039/C7SM01568B;2017;rsc_201710;336;MPI Dynamics & Self-Organization
10.1039/C7CC04877G;2017;rsc_201711;344;MPI Colloids Interface
10.1039/C7CP06073D;2017;rsc_201711;303;MPI Biophysical Chemistry
10.1039/C7CP06518C;2017;rsc_201711;399;MPI Structure & Dynamics of Matter
10.1039/C7CP06945F;2017;rsc_201711;339;Fritz Haber Institute
10.1039/C7DT03390G;2017;rsc_201711;355;MPI Polymer Research
10.1039/C7OB02605F;2017;rsc_201711;344;MPI Colloids Interface
10.1039/C7SM01189J;2017;rsc_201711;360;MPI Intelligent Systems
10.1039/C7TA07686J;2017;rsc_201711;344;MPI Colloids Interface
10.1039/C7CC08466H;2017;rsc_201712;327;MPI Molecular Cell Biology & Genetics
10.1039/C7CC08758F;2017;rsc_201712;355;MPI Polymer Research
10.1039/C7FD00209B;2017;rsc_201712;339;Fritz Haber Institute
10.1039/C7FD00215G;2017;rsc_201712;339;Fritz Haber Institute
10.1039/C7OB02040F;2017;rsc_201712;322;MPI Chemical Ecology
10.1039/C7PY01777D;2017;rsc_201712;355;MPI Polymer Research
10.1039/C7PY01811H;2017;rsc_201712;355;MPI Polymer Research
10.1039/C7SM01363A;2017;rsc_201712;360;MPI Intelligent Systems
10.1039/C7SM01885A;2017;rsc_201712;355;MPI Polymer Research
10.1039/C7SM01885A;2017;rsc_201712;336;MPI Dynamics & Self-Organization
10.1039/C7SM02098H;2017;rsc_201712;337;MPI Iron Research
10.1039/C7SM02286G;2017;rsc_201712;336;MPI Dynamics & Self-Organization
10.1039/C7TB03170J;2017;rsc_201712;344;MPI Colloids Interface
10.1039/C7TC05311H;2017;rsc_201712;351;MPI Chemical Physics of Solids
10.1039/C7CC09409D;2018;rsc_201801;316;MPI Medical Research
10.1039/C7CP07584G;2018;rsc_201801;333;MPI Chemistry
10.1039/C7CP07840D;2018;rsc_201801;343;MPI Coal Research
10.1039/C7CP08056E;2018;rsc_201801;333;MPI Chemistry
10.1039/C7DT03698A;2018;rsc_201801;355;MPI Polymer Research
10.1039/C7DT03698A;2018;rsc_201801;333;MPI Chemistry
10.1039/C7GC03734A;2018;rsc_201801;344;MPI Colloids Interface
10.1039/C7SM02270K;2018;rsc_201801;360;MPI Intelligent Systems
10.1039/C7SM02347B;2018;rsc_201801;360;MPI Intelligent Systems
10.1039/C7TA11139H;2018;rsc_201801;355;MPI Polymer Research
10.1039/C7TC05073A;2018;rsc_201801;355;MPI Polymer Research
10.1039/C8CC00108A;2018;rsc_201801;355;MPI Polymer Research
10.1039/C7CC09620H;2018;rsc_201802-03;355;MPI Polymer Research
10.1039/C7CE02047C;2018;rsc_201802-03;335;MPI Dynamics of Complex Technical Systems
10.1039/C7DT04837H;2018;rsc_201802-03;335;MPI Dynamics of Complex Technical Systems
10.1039/C7NH00209B;2018;rsc_201802-03;338;MPI Solid State Research
10.1039/C8CC00770E;2018;rsc_201802-03;355;MPI Polymer Research
10.1039/C8CP00311D;2018;rsc_201802-03;344;MPI Colloids Interface
10.1039/C8DT00528A;2018;rsc_201802-03;338;MPI Solid State Research
10.1039/C8DT00528A;2018;rsc_201802-03;351;MPI Chemical Physics of Solids
10.1039/C8FD00058A;2018;rsc_201802-03;316;MPI Medical Research
10.1039/C8NR00402A;2018;rsc_201802-03;338;MPI Solid State Research
10.1039/C8NR00885J;2018;rsc_201802-03;338;MPI Solid State Research
10.1039/C8SM00232K;2018;rsc_201802-03;344;MPI Colloids Interface
10.1039/C7SM02301D;2018;rsc_201804;336;MPI Dynamics & Self-Organization
10.1039/C8AY00396C;2018;rsc_201804;388;MPI Biology of Ageing
10.1039/C8CE00171E;2018;rsc_201804;344;MPI Colloids Interface
10.1039/C8CP00047F;2018;rsc_201804;344;MPI Colloids Interface
10.1039/C8CP00178B;2018;rsc_201804;339;Fritz Haber Institute
10.1039/C8CP01351A;2018;rsc_201804;355;MPI Polymer Research
10.1039/C8CP01392F;2018;rsc_201804;333;MPI Chemistry
10.1039/C8CP01625A;2018;rsc_201804;337;MPI Iron Research
10.1039/C8CS00152A;2018;rsc_201804;339;Fritz Haber Institute
10.1039/C8FD00011E;2018;rsc_201804;302;MPI Biophysics
10.1039/C8NH00021B;2018;rsc_201804;355;MPI Polymer Research
10.1039/C8SM00497H;2018;rsc_201804;360;MPI Intelligent Systems
10.1039/C8CP01088A;2018;rsc_201805;399;MPI Structure & Dynamics of Matter
10.1039/C8CP01922C;2018;rsc_201805;344;MPI Colloids Interface
10.1039/C8CP01946K;2018;rsc_201805;338;MPI Solid State Research
10.1039/C8CP01976B;2018;rsc_201805;337;MPI Iron Research
10.1039/C8DT00955D;2018;rsc_201805;394;MPI Chemical Energy Conversion
10.1039/C8DT01758A;2018;rsc_201805;338;MPI Solid State Research
10.1039/C8NP00009C;2018;rsc_201805;322;MPI Chemical Ecology
10.1039/C8NR03331E;2018;rsc_201805;355;MPI Polymer Research
10.1039/C8TA02058B;2018;rsc_201805;338;MPI Solid State Research
10.1039/C8TA04537B;2018;rsc_201805;338;MPI Solid State Research
10.1039/C8TC01802B;2018;rsc_201805;355;MPI Polymer Research
10.1039/C8CP01782D;2018;rsc_201806;344;MPI Colloids Interface
10.1039/C8CP02333F;2018;rsc_201806;339;Fritz Haber Institute
10.1039/C8CY01072B;2018;rsc_201806;355;MPI Polymer Research
10.1039/C8EE01053F;2018;rsc_201806;338;MPI Solid State Research
10.1039/C8EE01447G;2018;rsc_201806;355;MPI Polymer Research
10.1039/C8SM00821C;2018;rsc_201806;344;MPI Colloids Interface
10.1039/C8SM01102H;2018;rsc_201806;360;MPI Intelligent Systems
10.1039/C8CP01535J;2018;rsc_201807;338;MPI Solid State Research
10.1039/C8CP02884B;2018;rsc_201807;352;MPI Physics Systems
10.1039/C8CP03166E;2018;rsc_201807;338;MPI Solid State Research
10.1039/C8CS00212F;2018;rsc_201807;343;MPI Coal Research
10.1039/C8LC00582F;2018;rsc_201807;316;MPI Medical Research
10.1039/C8SM01282B;2018;rsc_201807;355;MPI Polymer Research
10.1039/C8TC01502C;2018;rsc_201807;355;MPI Polymer Research
